{
  "best_config": {
    "hidden_dim": 64,
    "dropout": 0.2
  },
  "best_val_auroc": 0.864932698049363,
  "test_auroc": 0.8634618923679576,
  "grid_results": [
    {
      "hidden_dim": 64,
      "dropout": 0.2,
      "val_auroc": 0.864932698049363,
      "test_auroc": 0.8634618923679576
    }
  ]
}